Id,Name,Slug,LogoUrl,WebsiteUrl,Description,IsActive,CreatedAt,UpdatedAt,CreatedBy,UpdatedBy
766,1A FIRST AUTOMOTIVE,1a-first-automotive,,,Fournisseur RapidApi,1,2026-08-06 14:24:09,2026-08-06 14:24:09,,
767,3RG,3rg,,,Fournisseur RapidApi,1,2026-08-06 14:24:09,2026-08-06 14:24:09,,
768,4U Autoparts,4u-autoparts,,,Fournisseur RapidApi,1,2026-08-06 14:24:09,2026-08-06 14:24:09,,
769,4X4 ESTANFI,4x4-estanfi,,,Fournisseur RapidApi,1,2026-08-06 14:24:09,2026-08-06 14:24:09,,
770,7 SEVEN PARTS,7-seven-parts,,,Fournisseur RapidApi,1,2026-08-06 14:24:09,2026-08-06 14:24:09,,
771,A.B.A,a-b-a,,,Fournisseur RapidApi,1,2026-08-06 14:24:09,2026-08-06 14:24:09,,
772,A.B.S.,a-b-s,,,Fournisseur RapidApi,1,2026-08-06 14:24:09,2026-08-06 14:24:09,,
773,A.Z. Meisterteile,a-z-meisterteile,,,Fournisseur RapidApi,1,2026-08-06 14:24:09,2026-08-06 14:24:09,,
774,ams-OSRAM,ams-osram,,,Fournisseur RapidApi,1,2026-08-08 22:47:30,2026-08-08 22:47:30,,
775,AP XENERGY,ap-xenergy,,,Fournisseur RapidApi,1,2026-08-08 22:47:30,2026-08-08 22:47:30,,
776,Automotive Accessories SIRIUS,automotive-accessories-sirius,,,Fournisseur RapidApi,1,2026-08-08 22:47:30,2026-08-08 22:47:30,,
777,BOSCH,bosch,,,Fournisseur RapidApi,1,2026-08-08 22:47:30,2026-08-08 22:47:30,,
778,ELTA AUTOMOTIVE,elta-automotive,,,Fournisseur RapidApi,1,2026-08-08 22:47:30,2026-08-08 22:47:30,,
779,ERA,era,,,Fournisseur RapidApi,1,2026-08-08 22:47:30,2026-08-08 22:47:30,,
780,EUROREPAR,eurorepar,,,Fournisseur RapidApi,1,2026-08-08 22:47:30,2026-08-08 22:47:30,,
781,HELLA,hella,,,Fournisseur RapidApi,1,2026-08-08 22:47:30,2026-08-08 22:47:30,,
782,HERTH+BUSS ELPARTS,herth-buss-elparts,,,Fournisseur RapidApi,1,2026-08-08 22:47:30,2026-08-08 22:47:30,,
783,LUCAS,lucas,,,Fournisseur RapidApi,1,2026-08-08 22:47:30,2026-08-08 22:47:30,,
784,MGA,mga,,,Fournisseur RapidApi,1,2026-08-08 22:47:30,2026-08-08 22:47:30,,
785,MOTAQUIP,motaquip,,,Fournisseur RapidApi,1,2026-08-08 22:47:30,2026-08-08 22:47:30,,
786,MOTRIO,motrio,,,Fournisseur RapidApi,1,2026-08-08 22:47:30,2026-08-08 22:47:30,,
787,NAPA,napa,,,Fournisseur RapidApi,1,2026-08-08 22:47:30,2026-08-08 22:47:30,,
788,NARVA,narva,,,Fournisseur RapidApi,1,2026-08-08 22:47:30,2026-08-08 22:47:30,,
789,NEOLUX®,neolux,,,Fournisseur RapidApi,1,2026-08-08 22:47:30,2026-08-08 22:47:30,,
790,NPS,nps,,,Fournisseur RapidApi,1,2026-08-08 22:47:30,2026-08-08 22:47:30,,
791,Omnicraft,omnicraft,,,Fournisseur RapidApi,1,2026-08-08 22:47:30,2026-08-08 22:47:30,,
792,PHILIPS,philips,,,Fournisseur RapidApi,1,2026-08-08 22:47:30,2026-08-08 22:47:30,,
793,QUINTON HAZELL,quinton-hazell,,,Fournisseur RapidApi,1,2026-08-08 22:47:30,2026-08-08 22:47:30,,
794,RING,ring,,,Fournisseur RapidApi,1,2026-08-08 22:47:30,2026-08-08 22:47:30,,
795,Simply,simply,,,Fournisseur RapidApi,1,2026-08-08 22:47:30,2026-08-08 22:47:30,,
796,SPAHN GLÜHLAMPEN,spahn-gl-hlampen,,,Fournisseur RapidApi,1,2026-08-08 22:47:30,2026-08-08 22:47:30,,
797,STELLOX,stellox,,,Fournisseur RapidApi,1,2026-08-08 22:47:30,2026-08-08 22:47:30,,
798,VALEO,valeo,,,Fournisseur RapidApi,1,2026-08-08 22:47:30,2026-08-08 22:47:30,,
799,VEMO,vemo,,,Fournisseur RapidApi,1,2026-08-08 22:47:30,2026-08-08 22:47:30,,
800,ZEKKERT,zekkert,,,Fournisseur RapidApi,1,2026-08-08 22:47:30,2026-08-08 22:47:30,,
801,ABAKUS,abakus,,,Fournisseur RapidApi,1,2026-08-08 22:47:30,2026-08-08 22:47:30,,
802,AE TOPLIGHT,ae-toplight,,,Fournisseur RapidApi,1,2026-08-08 22:47:30,2026-08-08 22:47:30,,
803,AIC,aic,,,Fournisseur RapidApi,1,2026-08-08 22:47:30,2026-08-08 22:47:30,,
804,Airline,airline,,,Fournisseur RapidApi,1,2026-08-08 22:47:30,2026-08-08 22:47:30,,
805,alp,alp,,,Fournisseur RapidApi,1,2026-08-08 22:47:30,2026-08-08 22:47:30,,
806,ASAM AUTOMOTIVE,asam-automotive,,,Fournisseur RapidApi,1,2026-08-08 22:47:30,2026-08-08 22:47:30,,
807,ASHIKA,ashika,,,Fournisseur RapidApi,1,2026-08-08 22:47:30,2026-08-08 22:47:30,,
808,ASHUKI by Palidium,ashuki-by-palidium,,,Fournisseur RapidApi,1,2026-08-08 22:47:30,2026-08-08 22:47:30,,
809,Aslyx,aslyx,,,Fournisseur RapidApi,1,2026-08-08 22:47:30,2026-08-08 22:47:30,,
810,AUTO FRANCE PARTS,auto-france-parts,,,Fournisseur RapidApi,1,2026-08-08 22:47:30,2026-08-08 22:47:30,,
811,AUTOTEAM,autoteam,,,Fournisseur RapidApi,1,2026-08-08 22:47:30,2026-08-08 22:47:30,,
812,BLUE PRINT,blue-print,,,Fournisseur RapidApi,1,2026-08-08 22:47:30,2026-08-08 22:47:30,,
813,BOGAP,bogap,,,Fournisseur RapidApi,1,2026-08-08 22:47:30,2026-08-08 22:47:30,,
814,BÖLK,b-lk,,,Fournisseur RapidApi,1,2026-08-08 22:47:30,2026-08-08 22:47:30,,
815,BORG & BECK,borg-beck,,,Fournisseur RapidApi,1,2026-08-08 22:47:30,2026-08-08 22:47:30,,
816,BSG,bsg,,,Fournisseur RapidApi,1,2026-08-08 22:47:30,2026-08-08 22:47:30,,
817,CARPRISS,carpriss,,,Fournisseur RapidApi,1,2026-08-08 22:47:30,2026-08-08 22:47:30,,
818,CASCO,casco,,,Fournisseur RapidApi,1,2026-08-08 22:47:30,2026-08-08 22:47:30,,
819,CAUTEX,cautex,,,Fournisseur RapidApi,1,2026-08-08 22:47:30,2026-08-08 22:47:30,,
820,COMLINE,comline,,,Fournisseur RapidApi,1,2026-08-08 22:47:30,2026-08-08 22:47:30,,
821,CONTINENTAL,continental,,,Fournisseur RapidApi,1,2026-08-08 22:47:30,2026-08-08 22:47:30,,
822,CWORKS,cworks,,,Fournisseur RapidApi,1,2026-08-08 22:47:30,2026-08-08 22:47:30,,
823,DENCKERMANN,denckermann,,,Fournisseur RapidApi,1,2026-08-08 22:47:30,2026-08-08 22:47:30,,
824,DENSO,denso,,,Fournisseur RapidApi,1,2026-08-08 22:47:30,2026-08-08 22:47:30,,
825,DOGA,doga,,,Fournisseur RapidApi,1,2026-08-08 22:47:30,2026-08-08 22:47:30,,
826,DYNAMATRIX,dynamatrix,,,Fournisseur RapidApi,1,2026-08-08 22:47:30,2026-08-08 22:47:30,,
827,DYNAMAX,dynamax,,,Fournisseur RapidApi,1,2026-08-08 22:47:30,2026-08-08 22:47:30,,
828,ENERGY,energy,,,Fournisseur RapidApi,1,2026-08-08 22:47:30,2026-08-08 22:47:30,,
829,EQUAL QUALITY,equal-quality,,,Fournisseur RapidApi,1,2026-08-08 22:47:30,2026-08-08 22:47:30,,
830,ESEN SKV,esen-skv,,,Fournisseur RapidApi,1,2026-08-08 22:47:30,2026-08-08 22:47:30,,
831,FARE SA,fare-sa,,,Fournisseur RapidApi,1,2026-08-08 22:47:30,2026-08-08 22:47:30,,
832,FAST,fast,,,Fournisseur RapidApi,1,2026-08-08 22:47:30,2026-08-08 22:47:30,,
833,FENOX,fenox,,,Fournisseur RapidApi,1,2026-08-08 22:47:30,2026-08-08 22:47:30,,
834,FLAMAR,flamar,,,Fournisseur RapidApi,1,2026-08-08 22:47:30,2026-08-08 22:47:30,,
835,FREY,frey,,,Fournisseur RapidApi,1,2026-08-08 22:47:30,2026-08-08 22:47:30,,
836,GoCore,gocore,,,Fournisseur RapidApi,1,2026-08-08 22:47:30,2026-08-08 22:47:30,,
837,GOOM,goom,,,Fournisseur RapidApi,1,2026-08-08 22:47:30,2026-08-08 22:47:30,,
838,GT-BERGMANN,gt-bergmann,,,Fournisseur RapidApi,1,2026-08-08 22:47:30,2026-08-08 22:47:30,,
839,HART,hart,,,Fournisseur RapidApi,1,2026-08-08 22:47:30,2026-08-08 22:47:30,,
840,HEYNER,heyner,,,Fournisseur RapidApi,1,2026-08-08 22:47:30,2026-08-08 22:47:30,,
841,IAP QUALITY PARTS,iap-quality-parts,,,Fournisseur RapidApi,1,2026-08-08 22:47:30,2026-08-08 22:47:30,,
842,Invisible Glass,invisible-glass,,,Fournisseur RapidApi,1,2026-08-08 22:47:30,2026-08-08 22:47:30,,
843,ITAB AUTOMOTIVE,itab-automotive,,,Fournisseur RapidApi,1,2026-08-08 22:47:30,2026-08-08 22:47:30,,
844,JAPANPARTS,japanparts,,,Fournisseur RapidApi,1,2026-08-08 22:47:30,2026-08-08 22:47:30,,
845,JAPKO,japko,,,Fournisseur RapidApi,1,2026-08-08 22:47:30,2026-08-08 22:47:30,,
846,JPN,jpn,,,Fournisseur RapidApi,1,2026-08-08 22:47:30,2026-08-08 22:47:30,,
847,KAMOKA,kamoka,,,Fournisseur RapidApi,1,2026-08-08 22:47:30,2026-08-08 22:47:30,,
848,KAVO PARTS,kavo-parts,,,Fournisseur RapidApi,1,2026-08-08 22:47:30,2026-08-08 22:47:30,,
849,KRAFT AUTOMOTIVE,kraft-automotive,,,Fournisseur RapidApi,1,2026-08-08 22:47:30,2026-08-08 22:47:30,,
850,KRAW,kraw,,,Fournisseur RapidApi,1,2026-08-08 22:47:30,2026-08-08 22:47:30,,
851,KSH EUROPE,ksh-europe,,,Fournisseur RapidApi,1,2026-08-08 22:47:30,2026-08-08 22:47:30,,
852,LGK,lgk,,,Fournisseur RapidApi,1,2026-08-08 22:47:30,2026-08-08 22:47:30,,
853,LYNXAUTO,lynxauto,,,Fournisseur RapidApi,1,2026-08-08 22:47:30,2026-08-08 22:47:30,,
854,MAGNETI MARELLI,magneti-marelli,,,Fournisseur RapidApi,1,2026-08-08 22:47:30,2026-08-08 22:47:30,,
855,MAPCO,mapco,,,Fournisseur RapidApi,1,2026-08-08 22:47:30,2026-08-08 22:47:30,,
856,MAXGEAR,maxgear,,,Fournisseur RapidApi,1,2026-08-08 22:47:30,2026-08-08 22:47:30,,
857,MDR,mdr,,,Fournisseur RapidApi,1,2026-08-08 22:47:30,2026-08-08 22:47:30,,
858,MEHA AUTOMOTIVE,meha-automotive,,,Fournisseur RapidApi,1,2026-08-08 22:47:30,2026-08-08 22:47:30,,
859,Metalcaucho,metalcaucho,,,Fournisseur RapidApi,1,2026-08-08 22:47:30,2026-08-08 22:47:30,,
860,METZGER AUTOTEILE,metzger-autoteile,,,Fournisseur RapidApi,1,2026-08-08 22:47:30,2026-08-08 22:47:30,,
861,MEYLE,meyle,,,Fournisseur RapidApi,1,2026-08-08 22:47:30,2026-08-08 22:47:30,,
862,MI.R.A.,mi-r-a,,,Fournisseur RapidApi,1,2026-08-08 22:47:30,2026-08-08 22:47:30,,
863,MICHELIN Wipers,michelin-wipers,,,Fournisseur RapidApi,1,2026-08-08 22:47:30,2026-08-08 22:47:30,,
864,MILES,miles,,,Fournisseur RapidApi,1,2026-08-08 22:47:30,2026-08-08 22:47:30,,
865,mobilverde,mobilverde,,,Fournisseur RapidApi,1,2026-08-08 22:47:30,2026-08-08 22:47:30,,
866,NTY,nty,,,Fournisseur RapidApi,1,2026-08-08 22:47:30,2026-08-08 22:47:30,,
867,NWB,nwb,,,Fournisseur RapidApi,1,2026-08-08 22:47:30,2026-08-08 22:47:30,,
868,OE-FIT Schäferbartho,oe-fit-sch-ferbartho,,,Fournisseur RapidApi,1,2026-08-08 22:47:30,2026-08-08 22:47:30,,
869,OPEN PARTS,open-parts,,,Fournisseur RapidApi,1,2026-08-08 22:47:30,2026-08-08 22:47:30,,
870,ORIGINAL Schäferbart,original-sch-ferbart,,,Fournisseur RapidApi,1,2026-08-08 22:47:30,2026-08-08 22:47:30,,
871,OSSCA,ossca,,,Fournisseur RapidApi,1,2026-08-08 22:47:30,2026-08-08 22:47:30,,
872,OXIMO,oximo,,,Fournisseur RapidApi,1,2026-08-08 22:47:30,2026-08-08 22:47:30,,
873,Oyodo,oyodo,,,Fournisseur RapidApi,1,2026-08-08 22:47:30,2026-08-08 22:47:30,,
874,PEMEBLA,pemebla,,,Fournisseur RapidApi,1,2026-08-08 22:47:30,2026-08-08 22:47:30,,
875,PLYOM,plyom,,,Fournisseur RapidApi,1,2026-08-08 22:47:30,2026-08-08 22:47:30,,
876,PMA,pma,,,Fournisseur RapidApi,1,2026-08-08 22:47:30,2026-08-08 22:47:30,,
877,PowerEdge,poweredge,,,Fournisseur RapidApi,1,2026-08-08 22:47:30,2026-08-08 22:47:30,,
878,PRASCO,prasco,,,Fournisseur RapidApi,1,2026-08-08 22:47:30,2026-08-08 22:47:30,,
879,Professional Parts,professional-parts,,,Fournisseur RapidApi,1,2026-08-08 22:47:30,2026-08-08 22:47:30,,
880,ProfiPower,profipower,,,Fournisseur RapidApi,1,2026-08-08 22:47:30,2026-08-08 22:47:30,,
881,REAL,real,,,Fournisseur RapidApi,1,2026-08-08 22:47:30,2026-08-08 22:47:30,,
882,RECOFICIAL,recoficial,,,Fournisseur RapidApi,1,2026-08-08 22:47:30,2026-08-08 22:47:30,,
883,RED-LINE,red-line,,,Fournisseur RapidApi,1,2026-08-08 22:47:30,2026-08-08 22:47:30,,
884,RIDEX,ridex,,,Fournisseur RapidApi,1,2026-08-08 22:47:30,2026-08-08 22:47:30,,
885,SANDO,sando,,,Fournisseur RapidApi,1,2026-08-08 22:47:30,2026-08-08 22:47:30,,
886,SCHNIEDER AUTOTECH,schnieder-autotech,,,Fournisseur RapidApi,1,2026-08-08 22:47:30,2026-08-08 22:47:30,,
887,Stark,stark,,,Fournisseur RapidApi,1,2026-08-08 22:47:30,2026-08-08 22:47:30,,
888,STARLINE,starline,,,Fournisseur RapidApi,1,2026-08-08 22:47:30,2026-08-08 22:47:30,,
889,STC,stc,,,Fournisseur RapidApi,1,2026-08-08 22:47:30,2026-08-08 22:47:30,,
